Rule Id;Critical;Weight;Rule Name;Number of New Violations;Number of Fixed Violations;Rule Priority;Education Comment;Rule Selection Date
8112;1;9;Avoid improper processing of the execution status of data handling operations;6;4;N/A;N/A;N/A
8110;1;9;Use dedicated stored procedures when multiple data accesses are needed (ASCPEM-PRF-10);5;0;N/A;N/A;N/A
7742;1;9;CWE-89: Avoid SQL injection vulnerabilities;4;2;N/A;N/A;N/A
8098;1;9;CWE-134: Avoid uncontrolled format string;2;0;N/A;N/A;N/A
7740;1;9;CWE-79: Avoid cross-site scripting DOM vulnerabilities;1;1;N/A;N/A;N/A
7962;1;9;Avoid direct or indirect remote calls inside a loop(ASCPEM-PRF-8);1;0;N/A;N/A;N/A
7210;1;8;Avoid instantiations inside loops;2;0;N/A;N/A;N/A
8104;1;8;Close database resources ASAP;12;1;N/A;N/A;N/A
8108;1;8;Close the outermost stream ASAP;1;1;N/A;N/A;N/A
7788;1;7;Avoid empty catch blocks;5;1;N/A;N/A;N/A
7424;1;7;Avoid using SQL queries inside a loop;2;0;N/A;N/A;N/A
2232;1;7;Pages should use error handling page;15;15;N/A;N/A;N/A
7292;1;7;Avoid cyclical calls and inheritances between packages;1;0;N/A;N/A;N/A
7156;0;9;Avoid Too Many Copy Pasted Artifacts;11;3;N/A;N/A;N/A
7150;0;9;Favor PreparedStatement or CallableStatement over Statement;11;1;N/A;N/A;N/A
7126;0;8;Avoid Artifacts with high Commented-out Code Lines/Code Lines ratio;9;0;N/A;N/A;N/A
7344;0;8;Avoid "SELECT *" queries;5;6;N/A;N/A;N/A
7814;0;8;Avoid Tables not using referential integrity;4;0;N/A;N/A;N/A
7944;0;8;Avoid High Response for Classes;2;0;N/A;N/A;N/A
7862;0;8;Avoid catching an exception of type Exception, RuntimeException, or Throwable;16;4;N/A;N/A;N/A
7204;0;8;Avoid method invocation in a loop termination expression;1;0;N/A;N/A;N/A
2244;0;7;Avoid undocumented Web Server Pages;6;6;N/A;N/A;N/A
7798;0;7;Avoid Classes with a High Lack of Cohesion;6;0;N/A;N/A;N/A
7796;0;7;Avoid Classes with a High Lack of Cohesion - variant;5;0;N/A;N/A;N/A
8102;0;7;Avoid hardcoded network resource names;3;1;N/A;N/A;N/A
7954;0;7;Avoid indirect String concatenation inside loops;3;0;N/A;N/A;N/A
7774;0;7;Avoid Artifacts with High Integration Complexity;1;0;N/A;N/A;N/A
7766;0;7;Avoid Artifacts with High Cyclomatic Complexity;1;0;N/A;N/A;N/A
4676;0;6;Methods must have appropriate JavaDoc @throws tags;7;0;N/A;N/A;N/A
4656;0;6;Avoid declaring throwing an exception and not throwing it;6;1;N/A;N/A;N/A
4678;0;6;Methods must have appropriate JavaDoc @exception tags;6;0;N/A;N/A;N/A
7802;0;6;Avoid Classes with a High Depth of Inheritance Tree;5;0;N/A;N/A;N/A
4670;0;6;Methods must have JavaDoc comments;49;1;N/A;N/A;N/A
4672;0;6;Methods must have appropriate JavaDoc @param tags;46;10;N/A;N/A;N/A
7188;0;6;Private fields must have JavaDoc Comments;42;3;N/A;N/A;N/A
7250;0;6;Avoid String initialization with String object (created using the 'new' keyword);4;0;N/A;N/A;N/A
4674;0;6;Methods must have appropriate JavaDoc @return tags;32;3;N/A;N/A;N/A
4700;0;6;Avoid using 'Throwable.printStackTrace()' within a try catch block;22;4;N/A;N/A;N/A
4698;0;6;Avoid using 'System.err' and 'System.out' outside a try catch block;2;0;N/A;N/A;N/A
4668;0;6;Classes and Interfaces must have JavaDoc @author tag;2;0;N/A;N/A;N/A
4666;0;6;Classes and Interfaces must have JavaDoc Comments;2;0;N/A;N/A;N/A
4696;0;6;Avoid using 'System.err' and 'System.out' within a try catch block;14;0;N/A;N/A;N/A
4680;0;6;Fields must have JavaDoc Comments;14;0;N/A;N/A;N/A
8022;0;6;Avoid hiding attributes;10;1;N/A;N/A;N/A
7772;0;6;Avoid Artifacts with High Essential Complexity;1;0;N/A;N/A;N/A
7652;0;6;Avoid throwing an exception in a catch block without chaining it;1;0;N/A;N/A;N/A
4736;0;6;Method naming convention - case control;1;0;N/A;N/A;N/A
7842;0;6;Avoid large Artifacts - too many Lines of Code;0;1;N/A;N/A;N/A
7254;0;5;Declare as Static all methods not using instance members;9;1;N/A;N/A;N/A
7810;0;5;Avoid Artifacts with a Complex SELECT Clause;5;6;N/A;N/A;N/A
4580;0;5;Good use of Interfaces when instantiating a collection;2;0;N/A;N/A;N/A
7768;0;5;Avoid Artifacts with High Depth of Code;2;0;N/A;N/A;N/A
2230;0;4;Use of style sheets;96;78;N/A;N/A;N/A
4576;0;4;Provide accessors to Private Fields;9;0;N/A;N/A;N/A
2284;0;4;Avoid large JSP Pages - too many Scriptlets;5;5;N/A;N/A;N/A
7778;0;4;Avoid Artifacts with High Fan-Out;40;17;N/A;N/A;N/A
7908;0;4;Avoid unreferenced Methods;3;0;N/A;N/A;N/A
7912;0;4;Avoid unreferenced Data Members;2;0;N/A;N/A;N/A
7800;0;4;Avoid Classes with High Coupling Between Objects;10;1;N/A;N/A;N/A
7256;0;4;Provide a private default Constructor for utility Classes;1;0;N/A;N/A;N/A
4606;0;4;Avoid using 'sun.*' Classes;1;0;N/A;N/A;N/A
7562;0;4;Avoid static Field of type collection;1;0;N/A;N/A;N/A
4708;0;4;Avoid using Dynamic instantiation;1;0;N/A;N/A;N/A
2238;0;3;Avoid unreferenced JSPs and web client files;96;78;N/A;N/A;N/A
7846;0;3;Avoid Methods with a very low comment/code ratio;39;4;N/A;N/A;N/A
7780;0;3;Avoid Classes with a very low comment/code ratio;2;0;N/A;N/A;N/A
2248;0;3;Avoid Web Server pages having a very low Comment/Code ratio;15;15;N/A;N/A;N/A
7776;0;3;Avoid Artifacts with High Fan-In;1;1;N/A;N/A;N/A
7784;0;2;Avoid Artifacts with lines longer than X characters;30;32;N/A;N/A;N/A
7196;0;2;Avoid large number of String concatenation;20;4;N/A;N/A;N/A
4594;0;1;Avoid using 'java.io.File';8;0;N/A;N/A;N/A
7220;0;1;Avoid Unused Imports;6;3;N/A;N/A;N/A
4722;0;1;Track Classes referencing Database objects;6;2;N/A;N/A;N/A
