Violation Status;Rule ID;Critical;Weight;Rule Name;Object Full Name;Object Type;Object Status;PRI;Previous Value;Module Name
Fixed Violation;8112;1;9;Avoid improper processing of the execution status of data handling operations;org.owasp.webgoat.lessons.RoleBasedAccessControl.UpdateProfile.getNextUID;Java Method;Updated;3655;1;WebGoat_35ec2bcf/Webgoat/Java content
Fixed Violation;8112;1;9;Avoid improper processing of the execution status of data handling operations;org.owasp.webgoat.lessons.CrossSiteScripting.UpdateProfile.getNextUID;Java Method;Updated;2150;1;WebGoat_35ec2bcf/Webgoat/Java content
Fixed Violation;8112;1;9;Avoid improper processing of the execution status of data handling operations;org.owasp.webgoat.lessons.GoatHillsFinancial.UpdateProfile.getNextUID;Java Method;Updated;1935;1;WebGoat_35ec2bcf/Webgoat/Java content
Fixed Violation;8112;1;9;Avoid improper processing of the execution status of data handling operations;org.owasp.webgoat.lessons.DBCrossSiteScripting.UpdateProfile.getNextUID;Java Method;Updated;1935;1;WebGoat_35ec2bcf/Webgoat/Java content
Fixed Violation;7740;1;9;CWE-79: Avoid cross-site scripting DOM vulnerabilities;[C:\CASTMS\webgoat-83-1362\Deploy\Webgoat\Java\lessons\SQLInjection\SearchStaff.jsp];eFile;Removed;;79;WebGoat_35ec2bcf/Webgoat/Java content
Fixed Violation;7742;1;9;CWE-89: Avoid SQL injection vulnerabilities;org.owasp.webgoat.lessons.BlindSqlInjection.createContent;Java Method;Removed;;69;WebGoat_35ec2bcf/Webgoat/Java content
Fixed Violation;7742;1;9;CWE-89: Avoid SQL injection vulnerabilities;org.owasp.webgoat.lessons.Challenge2Screen.doStage2;Java Method;Updated;79500;106;WebGoat_35ec2bcf/Webgoat/Java content
Fixed Violation;8104;1;8;Close database resources ASAP;org.owasp.webgoat.lessons.BlindSqlInjection.createContent;Java Method;Removed;;2;WebGoat_35ec2bcf/Webgoat/Java content
Fixed Violation;8108;1;8;Close the outermost stream ASAP;org.owasp.webgoat.lessons.Challenge2Screen.showDefaceAttempt;Java Method;Updated;37715;2;WebGoat_35ec2bcf/Webgoat/Java content
Fixed Violation;7788;1;7;Avoid empty catch blocks;org.owasp.webgoat.lessons.WsSqlInjection.getCreditCard;Java Method;Updated;148;1;WebGoat_35ec2bcf/Webgoat/Java content
Fixed Violation;2232;1;7;Pages should use error handling page;[C:\CASTMS\webgoat-83-1362\Deploy\Webgoat\Java\lessons\SQLInjection\ViewProfile.jsp];eFile;Removed;;0;WebGoat_35ec2bcf/Webgoat/Java content
Fixed Violation;2232;1;7;Pages should use error handling page;[C:\CASTMS\webgoat-83-1362\Deploy\Webgoat\Java\lessons\SQLInjection\SearchStaff.jsp];eFile;Removed;;0;WebGoat_35ec2bcf/Webgoat/Java content
Fixed Violation;2232;1;7;Pages should use error handling page;[C:\CASTMS\webgoat-83-1362\Deploy\Webgoat\Java\lessons\SQLInjection\Login.jsp];eFile;Removed;;0;WebGoat_35ec2bcf/Webgoat/Java content
Fixed Violation;2232;1;7;Pages should use error handling page;[C:\CASTMS\webgoat-83-1362\Deploy\Webgoat\Java\lessons\RoleBasedAccessControl\ViewProfile.jsp];eFile;Removed;;0;WebGoat_35ec2bcf/Webgoat/Java content
Fixed Violation;2232;1;7;Pages should use error handling page;[C:\CASTMS\webgoat-83-1362\Deploy\Webgoat\Java\lessons\RoleBasedAccessControl\SearchStaff.jsp];eFile;Removed;;0;WebGoat_35ec2bcf/Webgoat/Java content
Fixed Violation;2232;1;7;Pages should use error handling page;[C:\CASTMS\webgoat-83-1362\Deploy\Webgoat\Java\lessons\RoleBasedAccessControl\Login.jsp];eFile;Removed;;0;WebGoat_35ec2bcf/Webgoat/Java content
Fixed Violation;2232;1;7;Pages should use error handling page;[C:\CASTMS\webgoat-83-1362\Deploy\Webgoat\Java\lessons\DBSQLInjection\ViewProfile.jsp];eFile;Removed;;0;WebGoat_35ec2bcf/Webgoat/Java content
Fixed Violation;2232;1;7;Pages should use error handling page;[C:\CASTMS\webgoat-83-1362\Deploy\Webgoat\Java\lessons\DBSQLInjection\SearchStaff.jsp];eFile;Removed;;0;WebGoat_35ec2bcf/Webgoat/Java content
Fixed Violation;2232;1;7;Pages should use error handling page;[C:\CASTMS\webgoat-83-1362\Deploy\Webgoat\Java\lessons\DBSQLInjection\Login.jsp];eFile;Removed;;0;WebGoat_35ec2bcf/Webgoat/Java content
Fixed Violation;2232;1;7;Pages should use error handling page;[C:\CASTMS\webgoat-83-1362\Deploy\Webgoat\Java\lessons\DBCrossSiteScripting\ViewProfile.jsp];eFile;Removed;;0;WebGoat_35ec2bcf/Webgoat/Java content
Fixed Violation;2232;1;7;Pages should use error handling page;[C:\CASTMS\webgoat-83-1362\Deploy\Webgoat\Java\lessons\DBCrossSiteScripting\SearchStaff.jsp];eFile;Removed;;0;WebGoat_35ec2bcf/Webgoat/Java content
Fixed Violation;2232;1;7;Pages should use error handling page;[C:\CASTMS\webgoat-83-1362\Deploy\Webgoat\Java\lessons\DBCrossSiteScripting\Login.jsp];eFile;Removed;;0;WebGoat_35ec2bcf/Webgoat/Java content
Fixed Violation;2232;1;7;Pages should use error handling page;[C:\CASTMS\webgoat-83-1362\Deploy\Webgoat\Java\lessons\CrossSiteScripting\ViewProfile.jsp];eFile;Removed;;0;WebGoat_35ec2bcf/Webgoat/Java content
Fixed Violation;2232;1;7;Pages should use error handling page;[C:\CASTMS\webgoat-83-1362\Deploy\Webgoat\Java\lessons\CrossSiteScripting\SearchStaff.jsp];eFile;Removed;;0;WebGoat_35ec2bcf/Webgoat/Java content
Fixed Violation;2232;1;7;Pages should use error handling page;[C:\CASTMS\webgoat-83-1362\Deploy\Webgoat\Java\lessons\CrossSiteScripting\Login.jsp];eFile;Removed;;0;WebGoat_35ec2bcf/Webgoat/Java content
Fixed Violation;7156;0;9;Avoid Too Many Copy Pasted Artifacts;org.owasp.webgoat.lessons.BlindSqlInjection.handleRequest;Java Method;Removed;;41;WebGoat_35ec2bcf/Webgoat/Java content
Fixed Violation;7156;0;9;Avoid Too Many Copy Pasted Artifacts;org.owasp.webgoat.lessons.StoredXss.makeCurrent;Java Method;Updated;2178;56;WebGoat_35ec2bcf/Webgoat/Java content
Fixed Violation;7156;0;9;Avoid Too Many Copy Pasted Artifacts;org.owasp.webgoat.lessons.CSRF.makeCurrent;Java Method;Unchanged;2178;56;WebGoat_35ec2bcf/Webgoat/Java content
Fixed Violation;7150;0;9;Favor PreparedStatement or CallableStatement over Statement;org.owasp.webgoat.lessons.BlindSqlInjection.createContent;Java Method;Removed;;0;WebGoat_35ec2bcf/Webgoat/Java content
Fixed Violation;7344;0;8;Avoid "SELECT *" queries;org.owasp.webgoat.lessons.BlindSqlInjection.getHints;Java Method;Removed;;1;WebGoat_35ec2bcf/Webgoat/Java content
Fixed Violation;7344;0;8;Avoid "SELECT *" queries;org.owasp.webgoat.lessons.BlindSqlInjection.createContent;Java Method;Removed;;1;WebGoat_35ec2bcf/Webgoat/Java content
Fixed Violation;7344;0;8;Avoid "SELECT *" queries;org.owasp.webgoat.lessons.SQLInjection.SQLInjection.getHints;Java Method;Updated;48;1;WebGoat_35ec2bcf/Webgoat/Java content
Fixed Violation;7344;0;8;Avoid "SELECT *" queries;org.owasp.webgoat.lessons.DOS_Login.getHints;Java Method;Unchanged;48;1;WebGoat_35ec2bcf/Webgoat/Java content
Fixed Violation;7344;0;8;Avoid "SELECT *" queries;org.owasp.webgoat.lessons.SqlStringInjection.getHints;Java Method;Updated;36;1;WebGoat_35ec2bcf/Webgoat/Java content
Fixed Violation;7344;0;8;Avoid "SELECT *" queries;org.owasp.webgoat.lessons.SqlNumericInjection.getHints;Java Method;Updated;36;1;WebGoat_35ec2bcf/Webgoat/Java content
Fixed Violation;7862;0;8;Avoid catching an exception of type Exception RuntimeException or Throwable;org.owasp.webgoat.lessons.WSDLScanning.accessWGService;Java Method;Removed;;0;WebGoat_35ec2bcf/Webgoat/Java content
Fixed Violation;7862;0;8;Avoid catching an exception of type Exception RuntimeException or Throwable;org.owasp.webgoat.lessons.BlindSqlInjection.handleRequest;Java Method;Removed;;0;WebGoat_35ec2bcf/Webgoat/Java content
Fixed Violation;7862;0;8;Avoid catching an exception of type Exception RuntimeException or Throwable;org.owasp.webgoat.lessons.BlindSqlInjection.createContent;Java Method;Removed;;0;WebGoat_35ec2bcf/Webgoat/Java content
Fixed Violation;7862;0;8;Avoid catching an exception of type Exception RuntimeException or Throwable;org.owasp.webgoat.lessons.SoapRequest.getResults;Java Method;Updated;885;0;WebGoat_35ec2bcf/Webgoat/Java content
Fixed Violation;8102;0;7;Avoid hardcoded network resource names;org.owasp.webgoat.lessons.WSDLScanning.accessWGService;Java Method;Removed;;1;WebGoat_35ec2bcf/Webgoat/Java content
Fixed Violation;2244;0;7;Avoid undocumented Web Server Pages;[C:\CASTMS\webgoat-83-1362\Deploy\Webgoat\Java\lessons\SQLInjection\SearchStaff.jsp];eFile;Removed;;1;WebGoat_35ec2bcf/Webgoat/Java content
Fixed Violation;2244;0;7;Avoid undocumented Web Server Pages;[C:\CASTMS\webgoat-83-1362\Deploy\Webgoat\Java\lessons\RoleBasedAccessControl\SearchStaff.jsp];eFile;Removed;;1;WebGoat_35ec2bcf/Webgoat/Java content
Fixed Violation;2244;0;7;Avoid undocumented Web Server Pages;[C:\CASTMS\webgoat-83-1362\Deploy\Webgoat\Java\lessons\DBSQLInjection\SearchStaff.jsp];eFile;Removed;;1;WebGoat_35ec2bcf/Webgoat/Java content
Fixed Violation;2244;0;7;Avoid undocumented Web Server Pages;[C:\CASTMS\webgoat-83-1362\Deploy\Webgoat\Java\lessons\DBCrossSiteScripting\ViewProfile.jsp];eFile;Removed;;1;WebGoat_35ec2bcf/Webgoat/Java content
Fixed Violation;2244;0;7;Avoid undocumented Web Server Pages;[C:\CASTMS\webgoat-83-1362\Deploy\Webgoat\Java\lessons\DBCrossSiteScripting\SearchStaff.jsp];eFile;Removed;;1;WebGoat_35ec2bcf/Webgoat/Java content
Fixed Violation;2244;0;7;Avoid undocumented Web Server Pages;[C:\CASTMS\webgoat-83-1362\Deploy\Webgoat\Java\lessons\CrossSiteScripting\SearchStaff.jsp];eFile;Removed;;1;WebGoat_35ec2bcf/Webgoat/Java content
Fixed Violation;4656;0;6;Avoid declaring throwing an exception and not throwing it;org.owasp.webgoat.session.DatabaseUtilities.makeConnection;Java Method;Updated;1097160;1;WebGoat_35ec2bcf/Webgoat/Java content
Fixed Violation;8022;0;6;Avoid hiding attributes;org.owasp.webgoat.lessons.BlindSqlInjection.DEFAULT_RANKING;Java Field;Removed;;0;WebGoat_35ec2bcf/Webgoat/Java content
Fixed Violation;7842;0;6;Avoid large Artifacts - too many Lines of Code;org.owasp.webgoat.lessons.CommandInjection.createContent;Java Method;Updated;5313;101;WebGoat_35ec2bcf/Webgoat/Java content
Fixed Violation;4700;0;6;Avoid using 'Throwable.printStackTrace()' within a try catch block;org.owasp.webgoat.lessons.WSDLScanning.accessWGService;Java Method;Removed;;0;WebGoat_35ec2bcf/Webgoat/Java content
Fixed Violation;4700;0;6;Avoid using 'Throwable.printStackTrace()' within a try catch block;org.owasp.webgoat.lessons.BlindSqlInjection.handleRequest;Java Method;Removed;;0;WebGoat_35ec2bcf/Webgoat/Java content
Fixed Violation;4700;0;6;Avoid using 'Throwable.printStackTrace()' within a try catch block;org.owasp.webgoat.lessons.BlindSqlInjection.createContent;Java Method;Removed;;0;WebGoat_35ec2bcf/Webgoat/Java content
Fixed Violation;4700;0;6;Avoid using 'Throwable.printStackTrace()' within a try catch block;org.owasp.webgoat.lessons.DBCrossSiteScripting.UpdateProfile.changeEmployeeProfile;Java Method;Updated;1170;0;WebGoat_35ec2bcf/Webgoat/Java content
Fixed Violation;4670;0;6;Methods must have JavaDoc comments;org.owasp.webgoat.lessons.WSDLScanning.accessWGService;Java Method;Removed;;0;WebGoat_35ec2bcf/Webgoat/Java content
Fixed Violation;4672;0;6;Methods must have appropriate JavaDoc @param tags;org.owasp.webgoat.lessons.WeakAuthenticationCookie.getInstructions;Java Method;Removed;;0;WebGoat_35ec2bcf/Webgoat/Java content
Fixed Violation;4672;0;6;Methods must have appropriate JavaDoc @param tags;org.owasp.webgoat.lessons.WSDLScanning.accessWGService;Java Method;Removed;;0;WebGoat_35ec2bcf/Webgoat/Java content
Fixed Violation;4672;0;6;Methods must have appropriate JavaDoc @param tags;org.owasp.webgoat.lessons.ReflectedXSS.getInstructions;Java Method;Removed;;0;WebGoat_35ec2bcf/Webgoat/Java content
Fixed Violation;4672;0;6;Methods must have appropriate JavaDoc @param tags;org.owasp.webgoat.lessons.JavaScriptValidation.getInstructions;Java Method;Removed;;0;WebGoat_35ec2bcf/Webgoat/Java content
Fixed Violation;4672;0;6;Methods must have appropriate JavaDoc @param tags;org.owasp.webgoat.lessons.HtmlClues.getInstructions;Java Method;Removed;;0;WebGoat_35ec2bcf/Webgoat/Java content
Fixed Violation;4672;0;6;Methods must have appropriate JavaDoc @param tags;org.owasp.webgoat.lessons.HiddenFieldTampering.getInstructions;Java Method;Removed;;0;WebGoat_35ec2bcf/Webgoat/Java content
Fixed Violation;4672;0;6;Methods must have appropriate JavaDoc @param tags;org.owasp.webgoat.lessons.CommandInjection.getInstructions;Java Method;Removed;;0;WebGoat_35ec2bcf/Webgoat/Java content
Fixed Violation;4672;0;6;Methods must have appropriate JavaDoc @param tags;org.owasp.webgoat.lessons.BlindSqlInjection.getInstructions;Java Method;Removed;;0;WebGoat_35ec2bcf/Webgoat/Java content
Fixed Violation;4672;0;6;Methods must have appropriate JavaDoc @param tags;org.owasp.webgoat.lessons.BlindSqlInjection.getHints;Java Method;Removed;;0;WebGoat_35ec2bcf/Webgoat/Java content
Fixed Violation;4672;0;6;Methods must have appropriate JavaDoc @param tags;org.owasp.webgoat.lessons.AbstractLesson.setLessonPlanFileName;Java Method;Removed;;0;WebGoat_35ec2bcf/Webgoat/Java content
Fixed Violation;4674;0;6;Methods must have appropriate JavaDoc @return tags;org.owasp.webgoat.lessons.WSDLScanning.accessWGService;Java Method;Removed;;0;WebGoat_35ec2bcf/Webgoat/Java content
Fixed Violation;4674;0;6;Methods must have appropriate JavaDoc @return tags;org.owasp.webgoat.lessons.BlindSqlInjection.getDefaultRanking;Java Method;Removed;;0;WebGoat_35ec2bcf/Webgoat/Java content
Fixed Violation;4674;0;6;Methods must have appropriate JavaDoc @return tags;org.owasp.webgoat.lessons.AbstractLesson.getLessonPlanFileName;Java Method;Removed;;0;WebGoat_35ec2bcf/Webgoat/Java content
Fixed Violation;7188;0;6;Private fields must have JavaDoc Comments;org.owasp.webgoat.lessons.BlindSqlInjection.TARGET_ACCT_NUM;Java Field;Removed;;1;WebGoat_35ec2bcf/Webgoat/Java content
Fixed Violation;7188;0;6;Private fields must have JavaDoc Comments;org.owasp.webgoat.lessons.BlindSqlInjection.DEFAULT_RANKING;Java Field;Removed;;1;WebGoat_35ec2bcf/Webgoat/Java content
Fixed Violation;7188;0;6;Private fields must have JavaDoc Comments;org.owasp.webgoat.lessons.BlindSqlInjection.ACCT_NUM;Java Field;Removed;;1;WebGoat_35ec2bcf/Webgoat/Java content
Fixed Violation;7810;0;5;Avoid Artifacts with a Complex SELECT Clause;org.owasp.webgoat.lessons.BlindSqlInjection.getHints;Java Method;Removed;;1;WebGoat_35ec2bcf/Webgoat/Java content
Fixed Violation;7810;0;5;Avoid Artifacts with a Complex SELECT Clause;org.owasp.webgoat.lessons.BlindSqlInjection.createContent;Java Method;Removed;;1;WebGoat_35ec2bcf/Webgoat/Java content
Fixed Violation;7810;0;5;Avoid Artifacts with a Complex SELECT Clause;org.owasp.webgoat.lessons.SQLInjection.SQLInjection.getHints;Java Method;Updated;48;1;WebGoat_35ec2bcf/Webgoat/Java content
Fixed Violation;7810;0;5;Avoid Artifacts with a Complex SELECT Clause;org.owasp.webgoat.lessons.DOS_Login.getHints;Java Method;Unchanged;48;1;WebGoat_35ec2bcf/Webgoat/Java content
Fixed Violation;7810;0;5;Avoid Artifacts with a Complex SELECT Clause;org.owasp.webgoat.lessons.SqlStringInjection.getHints;Java Method;Updated;36;1;WebGoat_35ec2bcf/Webgoat/Java content
Fixed Violation;7810;0;5;Avoid Artifacts with a Complex SELECT Clause;org.owasp.webgoat.lessons.SqlNumericInjection.getHints;Java Method;Updated;36;1;WebGoat_35ec2bcf/Webgoat/Java content
Fixed Violation;7254;0;5;Declare as Static all methods not using instance members;org.owasp.webgoat.lessons.WSDLScanning.accessWGService;Java Method;Removed;;1;WebGoat_35ec2bcf/Webgoat/Java content
Fixed Violation;7778;0;4;Avoid Artifacts with High Fan-Out;org.owasp.webgoat.lessons.WSDLScanning.accessWGService;Java Method;Removed;;11;WebGoat_35ec2bcf/Webgoat/Java content
Fixed Violation;7778;0;4;Avoid Artifacts with High Fan-Out;org.owasp.webgoat.lessons.BlindSqlInjection.createContent;Java Method;Removed;;20;WebGoat_35ec2bcf/Webgoat/Java content
Fixed Violation;7778;0;4;Avoid Artifacts with High Fan-Out;[C:\CASTMS\webgoat-83-1362\Deploy\Webgoat\Java\lessons\SQLInjection\ViewProfile.jsp];eFile;Removed;;26;WebGoat_35ec2bcf/Webgoat/Java content
Fixed Violation;7778;0;4;Avoid Artifacts with High Fan-Out;[C:\CASTMS\webgoat-83-1362\Deploy\Webgoat\Java\lessons\SQLInjection\SearchStaff.jsp];eFile;Removed;;8;WebGoat_35ec2bcf/Webgoat/Java content
Fixed Violation;7778;0;4;Avoid Artifacts with High Fan-Out;[C:\CASTMS\webgoat-83-1362\Deploy\Webgoat\Java\lessons\SQLInjection\Login.jsp];eFile;Removed;;15;WebGoat_35ec2bcf/Webgoat/Java content
Fixed Violation;7778;0;4;Avoid Artifacts with High Fan-Out;[C:\CASTMS\webgoat-83-1362\Deploy\Webgoat\Java\lessons\RoleBasedAccessControl\ViewProfile.jsp];eFile;Removed;;26;WebGoat_35ec2bcf/Webgoat/Java content
Fixed Violation;7778;0;4;Avoid Artifacts with High Fan-Out;[C:\CASTMS\webgoat-83-1362\Deploy\Webgoat\Java\lessons\RoleBasedAccessControl\SearchStaff.jsp];eFile;Removed;;8;WebGoat_35ec2bcf/Webgoat/Java content
Fixed Violation;7778;0;4;Avoid Artifacts with High Fan-Out;[C:\CASTMS\webgoat-83-1362\Deploy\Webgoat\Java\lessons\RoleBasedAccessControl\Login.jsp];eFile;Removed;;15;WebGoat_35ec2bcf/Webgoat/Java content
Fixed Violation;7778;0;4;Avoid Artifacts with High Fan-Out;[C:\CASTMS\webgoat-83-1362\Deploy\Webgoat\Java\lessons\DBSQLInjection\ViewProfile.jsp];eFile;Removed;;26;WebGoat_35ec2bcf/Webgoat/Java content
Fixed Violation;7778;0;4;Avoid Artifacts with High Fan-Out;[C:\CASTMS\webgoat-83-1362\Deploy\Webgoat\Java\lessons\DBSQLInjection\SearchStaff.jsp];eFile;Removed;;8;WebGoat_35ec2bcf/Webgoat/Java content
Fixed Violation;7778;0;4;Avoid Artifacts with High Fan-Out;[C:\CASTMS\webgoat-83-1362\Deploy\Webgoat\Java\lessons\DBSQLInjection\Login.jsp];eFile;Removed;;15;WebGoat_35ec2bcf/Webgoat/Java content
Fixed Violation;7778;0;4;Avoid Artifacts with High Fan-Out;[C:\CASTMS\webgoat-83-1362\Deploy\Webgoat\Java\lessons\DBCrossSiteScripting\ViewProfile.jsp];eFile;Removed;;26;WebGoat_35ec2bcf/Webgoat/Java content
Fixed Violation;7778;0;4;Avoid Artifacts with High Fan-Out;[C:\CASTMS\webgoat-83-1362\Deploy\Webgoat\Java\lessons\DBCrossSiteScripting\SearchStaff.jsp];eFile;Removed;;8;WebGoat_35ec2bcf/Webgoat/Java content
Fixed Violation;7778;0;4;Avoid Artifacts with High Fan-Out;[C:\CASTMS\webgoat-83-1362\Deploy\Webgoat\Java\lessons\DBCrossSiteScripting\Login.jsp];eFile;Removed;;15;WebGoat_35ec2bcf/Webgoat/Java content
Fixed Violation;7778;0;4;Avoid Artifacts with High Fan-Out;[C:\CASTMS\webgoat-83-1362\Deploy\Webgoat\Java\lessons\CrossSiteScripting\ViewProfile.jsp];eFile;Removed;;27;WebGoat_35ec2bcf/Webgoat/Java content
Fixed Violation;7778;0;4;Avoid Artifacts with High Fan-Out;[C:\CASTMS\webgoat-83-1362\Deploy\Webgoat\Java\lessons\CrossSiteScripting\SearchStaff.jsp];eFile;Removed;;8;WebGoat_35ec2bcf/Webgoat/Java content
Fixed Violation;7778;0;4;Avoid Artifacts with High Fan-Out;[C:\CASTMS\webgoat-83-1362\Deploy\Webgoat\Java\lessons\CrossSiteScripting\Login.jsp];eFile;Removed;;15;WebGoat_35ec2bcf/Webgoat/Java content
Fixed Violation;7800;0;4;Avoid Classes with High Coupling Between Objects;org.owasp.webgoat.lessons.BlindSqlInjection;Java Class;Removed;;15;WebGoat_35ec2bcf/Webgoat/Java content
Fixed Violation;2284;0;4;Avoid large JSP Pages - too many Scriptlets;[C:\CASTMS\webgoat-83-1362\Deploy\Webgoat\Java\lessons\SQLInjection\ViewProfile.jsp];eFile;Removed;;35;WebGoat_35ec2bcf/Webgoat/Java content
Fixed Violation;2284;0;4;Avoid large JSP Pages - too many Scriptlets;[C:\CASTMS\webgoat-83-1362\Deploy\Webgoat\Java\lessons\RoleBasedAccessControl\ViewProfile.jsp];eFile;Removed;;35;WebGoat_35ec2bcf/Webgoat/Java content
Fixed Violation;2284;0;4;Avoid large JSP Pages - too many Scriptlets;[C:\CASTMS\webgoat-83-1362\Deploy\Webgoat\Java\lessons\DBSQLInjection\ViewProfile.jsp];eFile;Removed;;35;WebGoat_35ec2bcf/Webgoat/Java content
Fixed Violation;2284;0;4;Avoid large JSP Pages - too many Scriptlets;[C:\CASTMS\webgoat-83-1362\Deploy\Webgoat\Java\lessons\DBCrossSiteScripting\ViewProfile.jsp];eFile;Removed;;35;WebGoat_35ec2bcf/Webgoat/Java content
Fixed Violation;2284;0;4;Avoid large JSP Pages - too many Scriptlets;[C:\CASTMS\webgoat-83-1362\Deploy\Webgoat\Java\lessons\CrossSiteScripting\ViewProfile.jsp];eFile;Removed;;35;WebGoat_35ec2bcf/Webgoat/Java content
Fixed Violation;2230;0;4;Use of style sheets;[C:\CASTMS\webgoat-83-1362\Deploy\Webgoat\Java\lessons\SQLInjection\ViewProfile.jsp];eFile;Removed;;1;WebGoat_35ec2bcf/Webgoat/Java content
Fixed Violation;2230;0;4;Use of style sheets;[C:\CASTMS\webgoat-83-1362\Deploy\Webgoat\Java\lessons\SQLInjection\SearchStaff.jsp];eFile;Removed;;1;WebGoat_35ec2bcf/Webgoat/Java content
Fixed Violation;2230;0;4;Use of style sheets;[C:\CASTMS\webgoat-83-1362\Deploy\Webgoat\Java\lessons\SQLInjection\Login.jsp];eFile;Removed;;1;WebGoat_35ec2bcf/Webgoat/Java content
Fixed Violation;2230;0;4;Use of style sheets;[C:\CASTMS\webgoat-83-1362\Deploy\Webgoat\Java\lessons\RoleBasedAccessControl\ViewProfile.jsp];eFile;Removed;;1;WebGoat_35ec2bcf/Webgoat/Java content
Fixed Violation;2230;0;4;Use of style sheets;[C:\CASTMS\webgoat-83-1362\Deploy\Webgoat\Java\lessons\RoleBasedAccessControl\SearchStaff.jsp];eFile;Removed;;1;WebGoat_35ec2bcf/Webgoat/Java content
Fixed Violation;2230;0;4;Use of style sheets;[C:\CASTMS\webgoat-83-1362\Deploy\Webgoat\Java\lessons\RoleBasedAccessControl\Login.jsp];eFile;Removed;;1;WebGoat_35ec2bcf/Webgoat/Java content
Fixed Violation;2230;0;4;Use of style sheets;[C:\CASTMS\webgoat-83-1362\Deploy\Webgoat\Java\lessons\DBSQLInjection\ViewProfile.jsp];eFile;Removed;;1;WebGoat_35ec2bcf/Webgoat/Java content
Fixed Violation;2230;0;4;Use of style sheets;[C:\CASTMS\webgoat-83-1362\Deploy\Webgoat\Java\lessons\DBSQLInjection\SearchStaff.jsp];eFile;Removed;;1;WebGoat_35ec2bcf/Webgoat/Java content
Fixed Violation;2230;0;4;Use of style sheets;[C:\CASTMS\webgoat-83-1362\Deploy\Webgoat\Java\lessons\DBSQLInjection\Login.jsp];eFile;Removed;;1;WebGoat_35ec2bcf/Webgoat/Java content
Fixed Violation;2230;0;4;Use of style sheets;[C:\CASTMS\webgoat-83-1362\Deploy\Webgoat\Java\lessons\DBCrossSiteScripting\ViewProfile.jsp];eFile;Removed;;1;WebGoat_35ec2bcf/Webgoat/Java content
Fixed Violation;2230;0;4;Use of style sheets;[C:\CASTMS\webgoat-83-1362\Deploy\Webgoat\Java\lessons\DBCrossSiteScripting\SearchStaff.jsp];eFile;Removed;;1;WebGoat_35ec2bcf/Webgoat/Java content
Fixed Violation;2230;0;4;Use of style sheets;[C:\CASTMS\webgoat-83-1362\Deploy\Webgoat\Java\lessons\DBCrossSiteScripting\Login.jsp];eFile;Removed;;1;WebGoat_35ec2bcf/Webgoat/Java content
Fixed Violation;2230;0;4;Use of style sheets;[C:\CASTMS\webgoat-83-1362\Deploy\Webgoat\Java\lessons\CrossSiteScripting\ViewProfile.jsp];eFile;Removed;;1;WebGoat_35ec2bcf/Webgoat/Java content
Fixed Violation;2230;0;4;Use of style sheets;[C:\CASTMS\webgoat-83-1362\Deploy\Webgoat\Java\lessons\CrossSiteScripting\SearchStaff.jsp];eFile;Removed;;1;WebGoat_35ec2bcf/Webgoat/Java content
Fixed Violation;2230;0;4;Use of style sheets;[C:\CASTMS\webgoat-83-1362\Deploy\Webgoat\Java\lessons\CrossSiteScripting\Login.jsp];eFile;Removed;;1;WebGoat_35ec2bcf/Webgoat/Java content
Fixed Violation;2230;0;4;Use of style sheets;[C:\CASTMS\webgoat-83-1362\Deploy\Webgoat\Java\lesson_plans\XPATHInjection.html];eFile;Removed;;1;WebGoat_35ec2bcf/Webgoat/Java content
Fixed Violation;2230;0;4;Use of style sheets;[C:\CASTMS\webgoat-83-1362\Deploy\Webgoat\Java\lesson_plans\XMLInjection.html];eFile;Removed;;1;WebGoat_35ec2bcf/Webgoat/Java content
Fixed Violation;2230;0;4;Use of style sheets;[C:\CASTMS\webgoat-83-1362\Deploy\Webgoat\Java\lesson_plans\WsSqlInjection.html];eFile;Removed;;1;WebGoat_35ec2bcf/Webgoat/Java content
Fixed Violation;2230;0;4;Use of style sheets;[C:\CASTMS\webgoat-83-1362\Deploy\Webgoat\Java\lesson_plans\WsSAXInjection.html];eFile;Removed;;1;WebGoat_35ec2bcf/Webgoat/Java content
Fixed Violation;2230;0;4;Use of style sheets;[C:\CASTMS\webgoat-83-1362\Deploy\Webgoat\Java\lesson_plans\WelcomeScreeen.html];eFile;Removed;;1;WebGoat_35ec2bcf/Webgoat/Java content
Fixed Violation;2230;0;4;Use of style sheets;[C:\CASTMS\webgoat-83-1362\Deploy\Webgoat\Java\lesson_plans\WeakSessionID.html];eFile;Removed;;1;WebGoat_35ec2bcf/Webgoat/Java content
Fixed Violation;2230;0;4;Use of style sheets;[C:\CASTMS\webgoat-83-1362\Deploy\Webgoat\Java\lesson_plans\WeakAuthenticationCookie.html];eFile;Removed;;1;WebGoat_35ec2bcf/Webgoat/Java content
Fixed Violation;2230;0;4;Use of style sheets;[C:\CASTMS\webgoat-83-1362\Deploy\Webgoat\Java\lesson_plans\WSDLScanning.html];eFile;Removed;;1;WebGoat_35ec2bcf/Webgoat/Java content
Fixed Violation;2230;0;4;Use of style sheets;[C:\CASTMS\webgoat-83-1362\Deploy\Webgoat\Java\lesson_plans\UsefulTools.html];eFile;Removed;;1;WebGoat_35ec2bcf/Webgoat/Java content
Fixed Violation;2230;0;4;Use of style sheets;[C:\CASTMS\webgoat-83-1362\Deploy\Webgoat\Java\lesson_plans\UncheckedEmail.html];eFile;Removed;;1;WebGoat_35ec2bcf/Webgoat/Java content
Fixed Violation;2230;0;4;Use of style sheets;[C:\CASTMS\webgoat-83-1362\Deploy\Webgoat\Java\lesson_plans\TraceXSS.html];eFile;Removed;;1;WebGoat_35ec2bcf/Webgoat/Java content
Fixed Violation;2230;0;4;Use of style sheets;[C:\CASTMS\webgoat-83-1362\Deploy\Webgoat\Java\lesson_plans\TomcatSetup.html];eFile;Removed;;1;WebGoat_35ec2bcf/Webgoat/Java content
Fixed Violation;2230;0;4;Use of style sheets;[C:\CASTMS\webgoat-83-1362\Deploy\Webgoat\Java\lesson_plans\ThreadSafetyProblem.html];eFile;Removed;;1;WebGoat_35ec2bcf/Webgoat/Java content
Fixed Violation;2230;0;4;Use of style sheets;[C:\CASTMS\webgoat-83-1362\Deploy\Webgoat\Java\lesson_plans\StoredXss.html];eFile;Removed;;1;WebGoat_35ec2bcf/Webgoat/Java content
Fixed Violation;2230;0;4;Use of style sheets;[C:\CASTMS\webgoat-83-1362\Deploy\Webgoat\Java\lesson_plans\SqlStringInjection.html];eFile;Removed;;1;WebGoat_35ec2bcf/Webgoat/Java content
Fixed Violation;2230;0;4;Use of style sheets;[C:\CASTMS\webgoat-83-1362\Deploy\Webgoat\Java\lesson_plans\SqlNumericInjection.html];eFile;Removed;;1;WebGoat_35ec2bcf/Webgoat/Java content
Fixed Violation;2230;0;4;Use of style sheets;[C:\CASTMS\webgoat-83-1362\Deploy\Webgoat\Java\lesson_plans\SoapRequest.html];eFile;Removed;;1;WebGoat_35ec2bcf/Webgoat/Java content
Fixed Violation;2230;0;4;Use of style sheets;[C:\CASTMS\webgoat-83-1362\Deploy\Webgoat\Java\lesson_plans\SilentTransactions.html];eFile;Removed;;1;WebGoat_35ec2bcf/Webgoat/Java content
Fixed Violation;2230;0;4;Use of style sheets;[C:\CASTMS\webgoat-83-1362\Deploy\Webgoat\Java\lesson_plans\SessionFixation.html];eFile;Removed;;1;WebGoat_35ec2bcf/Webgoat/Java content
Fixed Violation;2230;0;4;Use of style sheets;[C:\CASTMS\webgoat-83-1362\Deploy\Webgoat\Java\lesson_plans\SameOriginPolicyProtection.html];eFile;Removed;;1;WebGoat_35ec2bcf/Webgoat/Java content
Fixed Violation;2230;0;4;Use of style sheets;[C:\CASTMS\webgoat-83-1362\Deploy\Webgoat\Java\lesson_plans\SQLInjection.html];eFile;Removed;;1;WebGoat_35ec2bcf/Webgoat/Java content
Fixed Violation;2230;0;4;Use of style sheets;[C:\CASTMS\webgoat-83-1362\Deploy\Webgoat\Java\lesson_plans\RoleBasedAccessControl.html];eFile;Removed;;1;WebGoat_35ec2bcf/Webgoat/Java content
Fixed Violation;2230;0;4;Use of style sheets;[C:\CASTMS\webgoat-83-1362\Deploy\Webgoat\Java\lesson_plans\RemoteAdminFlaw.html];eFile;Removed;;1;WebGoat_35ec2bcf/Webgoat/Java content
Fixed Violation;2230;0;4;Use of style sheets;[C:\CASTMS\webgoat-83-1362\Deploy\Webgoat\Java\lesson_plans\ReflectedXSS.html];eFile;Removed;;1;WebGoat_35ec2bcf/Webgoat/Java content
Fixed Violation;2230;0;4;Use of style sheets;[C:\CASTMS\webgoat-83-1362\Deploy\Webgoat\Java\lesson_plans\Phishing.html];eFile;Removed;;1;WebGoat_35ec2bcf/Webgoat/Java content
Fixed Violation;2230;0;4;Use of style sheets;[C:\CASTMS\webgoat-83-1362\Deploy\Webgoat\Java\lesson_plans\PathBasedAccessControl.html];eFile;Removed;;1;WebGoat_35ec2bcf/Webgoat/Java content
Fixed Violation;2230;0;4;Use of style sheets;[C:\CASTMS\webgoat-83-1362\Deploy\Webgoat\Java\lesson_plans\PasswordStrength.html];eFile;Removed;;1;WebGoat_35ec2bcf/Webgoat/Java content
Fixed Violation;2230;0;4;Use of style sheets;[C:\CASTMS\webgoat-83-1362\Deploy\Webgoat\Java\lesson_plans\NewLesson.html];eFile;Removed;;1;WebGoat_35ec2bcf/Webgoat/Java content
Fixed Violation;2230;0;4;Use of style sheets;[C:\CASTMS\webgoat-83-1362\Deploy\Webgoat\Java\lesson_plans\MultiLevelLogin2.html];eFile;Removed;;1;WebGoat_35ec2bcf/Webgoat/Java content
Fixed Violation;2230;0;4;Use of style sheets;[C:\CASTMS\webgoat-83-1362\Deploy\Webgoat\Java\lesson_plans\MultiLevelLogin1.html];eFile;Removed;;1;WebGoat_35ec2bcf/Webgoat/Java content
Fixed Violation;2230;0;4;Use of style sheets;[C:\CASTMS\webgoat-83-1362\Deploy\Webgoat\Java\lesson_plans\LogSpoofing.html];eFile;Removed;;1;WebGoat_35ec2bcf/Webgoat/Java content
Fixed Violation;2230;0;4;Use of style sheets;[C:\CASTMS\webgoat-83-1362\Deploy\Webgoat\Java\lesson_plans\Lesson_Plan_Template.html];eFile;Removed;;1;WebGoat_35ec2bcf/Webgoat/Java content
Fixed Violation;2230;0;4;Use of style sheets;[C:\CASTMS\webgoat-83-1362\Deploy\Webgoat\Java\lesson_plans\JavaScriptValidation.html];eFile;Removed;;1;WebGoat_35ec2bcf/Webgoat/Java content
Fixed Violation;2230;0;4;Use of style sheets;[C:\CASTMS\webgoat-83-1362\Deploy\Webgoat\Java\lesson_plans\JSONInjection.html];eFile;Removed;;1;WebGoat_35ec2bcf/Webgoat/Java content
Fixed Violation;2230;0;4;Use of style sheets;[C:\CASTMS\webgoat-83-1362\Deploy\Webgoat\Java\lesson_plans\InsecureLogin.html];eFile;Removed;;1;WebGoat_35ec2bcf/Webgoat/Java content
Fixed Violation;2230;0;4;Use of style sheets;[C:\CASTMS\webgoat-83-1362\Deploy\Webgoat\Java\lesson_plans\HttpSplitting.html];eFile;Removed;;1;WebGoat_35ec2bcf/Webgoat/Java content
Fixed Violation;2230;0;4;Use of style sheets;[C:\CASTMS\webgoat-83-1362\Deploy\Webgoat\Java\lesson_plans\HttpOnly.html];eFile;Removed;;1;WebGoat_35ec2bcf/Webgoat/Java content
Fixed Violation;2230;0;4;Use of style sheets;[C:\CASTMS\webgoat-83-1362\Deploy\Webgoat\Java\lesson_plans\HttpBasics.html];eFile;Removed;;1;WebGoat_35ec2bcf/Webgoat/Java content
Fixed Violation;2230;0;4;Use of style sheets;[C:\CASTMS\webgoat-83-1362\Deploy\Webgoat\Java\lesson_plans\HtmlClues.html];eFile;Removed;;1;WebGoat_35ec2bcf/Webgoat/Java content
Fixed Violation;2230;0;4;Use of style sheets;[C:\CASTMS\webgoat-83-1362\Deploy\Webgoat\Java\lesson_plans\HowToWork.html];eFile;Removed;;1;WebGoat_35ec2bcf/Webgoat/Java content
Fixed Violation;2230;0;4;Use of style sheets;[C:\CASTMS\webgoat-83-1362\Deploy\Webgoat\Java\lesson_plans\HiddenFieldTampering.html];eFile;Removed;;1;WebGoat_35ec2bcf/Webgoat/Java content
Fixed Violation;2230;0;4;Use of style sheets;[C:\CASTMS\webgoat-83-1362\Deploy\Webgoat\Java\lesson_plans\ForgotPassword.html];eFile;Removed;;1;WebGoat_35ec2bcf/Webgoat/Java content
Fixed Violation;2230;0;4;Use of style sheets;[C:\CASTMS\webgoat-83-1362\Deploy\Webgoat\Java\lesson_plans\ForcedBrowsing.html];eFile;Removed;;1;WebGoat_35ec2bcf/Webgoat/Java content
Fixed Violation;2230;0;4;Use of style sheets;[C:\CASTMS\webgoat-83-1362\Deploy\Webgoat\Java\lesson_plans\FailOpenAuthentication.html];eFile;Removed;;1;WebGoat_35ec2bcf/Webgoat/Java content
Fixed Violation;2230;0;4;Use of style sheets;[C:\CASTMS\webgoat-83-1362\Deploy\Webgoat\Java\lesson_plans\Encoding.html];eFile;Removed;;1;WebGoat_35ec2bcf/Webgoat/Java content
Fixed Violation;2230;0;4;Use of style sheets;[C:\CASTMS\webgoat-83-1362\Deploy\Webgoat\Java\lesson_plans\DangerousEval.html];eFile;Removed;;1;WebGoat_35ec2bcf/Webgoat/Java content
Fixed Violation;2230;0;4;Use of style sheets;[C:\CASTMS\webgoat-83-1362\Deploy\Webgoat\Java\lesson_plans\DOS_Login.html];eFile;Removed;;1;WebGoat_35ec2bcf/Webgoat/Java content
Fixed Violation;2230;0;4;Use of style sheets;[C:\CASTMS\webgoat-83-1362\Deploy\Webgoat\Java\lesson_plans\DOMXSS.html];eFile;Removed;;1;WebGoat_35ec2bcf/Webgoat/Java content
Fixed Violation;2230;0;4;Use of style sheets;[C:\CASTMS\webgoat-83-1362\Deploy\Webgoat\Java\lesson_plans\DOMInjection.html];eFile;Removed;;1;WebGoat_35ec2bcf/Webgoat/Java content
Fixed Violation;2230;0;4;Use of style sheets;[C:\CASTMS\webgoat-83-1362\Deploy\Webgoat\Java\lesson_plans\DBSQLInjection.html];eFile;Removed;;1;WebGoat_35ec2bcf/Webgoat/Java content
Fixed Violation;2230;0;4;Use of style sheets;[C:\CASTMS\webgoat-83-1362\Deploy\Webgoat\Java\lesson_plans\DBCrossSiteScripting.html];eFile;Removed;;1;WebGoat_35ec2bcf/Webgoat/Java content
Fixed Violation;2230;0;4;Use of style sheets;[C:\CASTMS\webgoat-83-1362\Deploy\Webgoat\Java\lesson_plans\CrossSiteScripting.html];eFile;Removed;;1;WebGoat_35ec2bcf/Webgoat/Java content
Fixed Violation;2230;0;4;Use of style sheets;[C:\CASTMS\webgoat-83-1362\Deploy\Webgoat\Java\lesson_plans\ConcurrencyCart.html];eFile;Removed;;1;WebGoat_35ec2bcf/Webgoat/Java content
Fixed Violation;2230;0;4;Use of style sheets;[C:\CASTMS\webgoat-83-1362\Deploy\Webgoat\Java\lesson_plans\CommandInjection.html];eFile;Removed;;1;WebGoat_35ec2bcf/Webgoat/Java content
Fixed Violation;2230;0;4;Use of style sheets;[C:\CASTMS\webgoat-83-1362\Deploy\Webgoat\Java\lesson_plans\ClientSideValidation.html];eFile;Removed;;1;WebGoat_35ec2bcf/Webgoat/Java content
Fixed Violation;2230;0;4;Use of style sheets;[C:\CASTMS\webgoat-83-1362\Deploy\Webgoat\Java\lesson_plans\ClientSideFiltering.html];eFile;Removed;;1;WebGoat_35ec2bcf/Webgoat/Java content
Fixed Violation;2230;0;4;Use of style sheets;[C:\CASTMS\webgoat-83-1362\Deploy\Webgoat\Java\lesson_plans\ChallengeScreen.html];eFile;Removed;;1;WebGoat_35ec2bcf/Webgoat/Java content
Fixed Violation;2230;0;4;Use of style sheets;[C:\CASTMS\webgoat-83-1362\Deploy\Webgoat\Java\lesson_plans\CSRF.html];eFile;Removed;;1;WebGoat_35ec2bcf/Webgoat/Java content
Fixed Violation;2230;0;4;Use of style sheets;[C:\CASTMS\webgoat-83-1362\Deploy\Webgoat\Java\lesson_plans\BufferOverflow.html];eFile;Removed;;1;WebGoat_35ec2bcf/Webgoat/Java content
Fixed Violation;2230;0;4;Use of style sheets;[C:\CASTMS\webgoat-83-1362\Deploy\Webgoat\Java\lesson_plans\BlindSqlInjection.html];eFile;Removed;;1;WebGoat_35ec2bcf/Webgoat/Java content
Fixed Violation;2230;0;4;Use of style sheets;[C:\CASTMS\webgoat-83-1362\Deploy\Webgoat\Java\lesson_plans\BasicAuthentication.html];eFile;Removed;;1;WebGoat_35ec2bcf/Webgoat/Java content
Fixed Violation;2230;0;4;Use of style sheets;[C:\CASTMS\webgoat-83-1362\Deploy\Webgoat\Java\lesson_plans\BackDoors.html];eFile;Removed;;1;WebGoat_35ec2bcf/Webgoat/Java content
Fixed Violation;2230;0;4;Use of style sheets;[C:\CASTMS\webgoat-83-1362\Deploy\Webgoat\Java\lesson_plans\AccessControlMatrix.html];eFile;Removed;;1;WebGoat_35ec2bcf/Webgoat/Java content
Fixed Violation;7776;0;3;Avoid Artifacts with High Fan-In;org.owasp.webgoat.session.ParameterParser.getFloatParameter;Java Method;Unchanged;24400;6;WebGoat_35ec2bcf/Webgoat/Java content
Fixed Violation;7846;0;3;Avoid Methods with a very low comment/code ratio;org.owasp.webgoat.lessons.WSDLScanning.accessWGService;Java Method;Removed;;0;WebGoat_35ec2bcf/Webgoat/Java content
Fixed Violation;7846;0;3;Avoid Methods with a very low comment/code ratio;org.owasp.webgoat.lessons.BlindSqlInjection.getDefaultRanking;Java Method;Removed;;0;WebGoat_35ec2bcf/Webgoat/Java content
Fixed Violation;7846;0;3;Avoid Methods with a very low comment/code ratio;org.owasp.webgoat.lessons.SoapRequest.getResults;Java Method;Updated;885;0;WebGoat_35ec2bcf/Webgoat/Java content
Fixed Violation;7846;0;3;Avoid Methods with a very low comment/code ratio;org.owasp.webgoat.lessons.WsSqlInjection.getCreditCard;Java Method;Updated;148;0;WebGoat_35ec2bcf/Webgoat/Java content
Fixed Violation;2248;0;3;Avoid Web Server pages having a very low Comment/Code ratio;[C:\CASTMS\webgoat-83-1362\Deploy\Webgoat\Java\lessons\SQLInjection\ViewProfile.jsp];eFile;Removed;;0;WebGoat_35ec2bcf/Webgoat/Java content
Fixed Violation;2248;0;3;Avoid Web Server pages having a very low Comment/Code ratio;[C:\CASTMS\webgoat-83-1362\Deploy\Webgoat\Java\lessons\SQLInjection\SearchStaff.jsp];eFile;Removed;;0;WebGoat_35ec2bcf/Webgoat/Java content
Fixed Violation;2248;0;3;Avoid Web Server pages having a very low Comment/Code ratio;[C:\CASTMS\webgoat-83-1362\Deploy\Webgoat\Java\lessons\SQLInjection\Login.jsp];eFile;Removed;;0;WebGoat_35ec2bcf/Webgoat/Java content
Fixed Violation;2248;0;3;Avoid Web Server pages having a very low Comment/Code ratio;[C:\CASTMS\webgoat-83-1362\Deploy\Webgoat\Java\lessons\RoleBasedAccessControl\ViewProfile.jsp];eFile;Removed;;0;WebGoat_35ec2bcf/Webgoat/Java content
Fixed Violation;2248;0;3;Avoid Web Server pages having a very low Comment/Code ratio;[C:\CASTMS\webgoat-83-1362\Deploy\Webgoat\Java\lessons\RoleBasedAccessControl\SearchStaff.jsp];eFile;Removed;;0;WebGoat_35ec2bcf/Webgoat/Java content
Fixed Violation;2248;0;3;Avoid Web Server pages having a very low Comment/Code ratio;[C:\CASTMS\webgoat-83-1362\Deploy\Webgoat\Java\lessons\RoleBasedAccessControl\Login.jsp];eFile;Removed;;0;WebGoat_35ec2bcf/Webgoat/Java content
Fixed Violation;2248;0;3;Avoid Web Server pages having a very low Comment/Code ratio;[C:\CASTMS\webgoat-83-1362\Deploy\Webgoat\Java\lessons\DBSQLInjection\ViewProfile.jsp];eFile;Removed;;0;WebGoat_35ec2bcf/Webgoat/Java content
Fixed Violation;2248;0;3;Avoid Web Server pages having a very low Comment/Code ratio;[C:\CASTMS\webgoat-83-1362\Deploy\Webgoat\Java\lessons\DBSQLInjection\SearchStaff.jsp];eFile;Removed;;0;WebGoat_35ec2bcf/Webgoat/Java content
Fixed Violation;2248;0;3;Avoid Web Server pages having a very low Comment/Code ratio;[C:\CASTMS\webgoat-83-1362\Deploy\Webgoat\Java\lessons\DBSQLInjection\Login.jsp];eFile;Removed;;0;WebGoat_35ec2bcf/Webgoat/Java content
Fixed Violation;2248;0;3;Avoid Web Server pages having a very low Comment/Code ratio;[C:\CASTMS\webgoat-83-1362\Deploy\Webgoat\Java\lessons\DBCrossSiteScripting\ViewProfile.jsp];eFile;Removed;;0;WebGoat_35ec2bcf/Webgoat/Java content
Fixed Violation;2248;0;3;Avoid Web Server pages having a very low Comment/Code ratio;[C:\CASTMS\webgoat-83-1362\Deploy\Webgoat\Java\lessons\DBCrossSiteScripting\SearchStaff.jsp];eFile;Removed;;0;WebGoat_35ec2bcf/Webgoat/Java content
Fixed Violation;2248;0;3;Avoid Web Server pages having a very low Comment/Code ratio;[C:\CASTMS\webgoat-83-1362\Deploy\Webgoat\Java\lessons\DBCrossSiteScripting\Login.jsp];eFile;Removed;;0;WebGoat_35ec2bcf/Webgoat/Java content
Fixed Violation;2248;0;3;Avoid Web Server pages having a very low Comment/Code ratio;[C:\CASTMS\webgoat-83-1362\Deploy\Webgoat\Java\lessons\CrossSiteScripting\ViewProfile.jsp];eFile;Removed;;0;WebGoat_35ec2bcf/Webgoat/Java content
Fixed Violation;2248;0;3;Avoid Web Server pages having a very low Comment/Code ratio;[C:\CASTMS\webgoat-83-1362\Deploy\Webgoat\Java\lessons\CrossSiteScripting\SearchStaff.jsp];eFile;Removed;;0;WebGoat_35ec2bcf/Webgoat/Java content
Fixed Violation;2248;0;3;Avoid Web Server pages having a very low Comment/Code ratio;[C:\CASTMS\webgoat-83-1362\Deploy\Webgoat\Java\lessons\CrossSiteScripting\Login.jsp];eFile;Removed;;0;WebGoat_35ec2bcf/Webgoat/Java content
Fixed Violation;2238;0;3;Avoid unreferenced JSPs and web client files;[C:\CASTMS\webgoat-83-1362\Deploy\Webgoat\Java\lessons\SQLInjection\ViewProfile.jsp];eFile;Removed;;1;WebGoat_35ec2bcf/Webgoat/Java content
Fixed Violation;2238;0;3;Avoid unreferenced JSPs and web client files;[C:\CASTMS\webgoat-83-1362\Deploy\Webgoat\Java\lessons\SQLInjection\SearchStaff.jsp];eFile;Removed;;1;WebGoat_35ec2bcf/Webgoat/Java content
Fixed Violation;2238;0;3;Avoid unreferenced JSPs and web client files;[C:\CASTMS\webgoat-83-1362\Deploy\Webgoat\Java\lessons\SQLInjection\Login.jsp];eFile;Removed;;1;WebGoat_35ec2bcf/Webgoat/Java content
Fixed Violation;2238;0;3;Avoid unreferenced JSPs and web client files;[C:\CASTMS\webgoat-83-1362\Deploy\Webgoat\Java\lessons\RoleBasedAccessControl\ViewProfile.jsp];eFile;Removed;;1;WebGoat_35ec2bcf/Webgoat/Java content
Fixed Violation;2238;0;3;Avoid unreferenced JSPs and web client files;[C:\CASTMS\webgoat-83-1362\Deploy\Webgoat\Java\lessons\RoleBasedAccessControl\SearchStaff.jsp];eFile;Removed;;1;WebGoat_35ec2bcf/Webgoat/Java content
Fixed Violation;2238;0;3;Avoid unreferenced JSPs and web client files;[C:\CASTMS\webgoat-83-1362\Deploy\Webgoat\Java\lessons\RoleBasedAccessControl\Login.jsp];eFile;Removed;;1;WebGoat_35ec2bcf/Webgoat/Java content
Fixed Violation;2238;0;3;Avoid unreferenced JSPs and web client files;[C:\CASTMS\webgoat-83-1362\Deploy\Webgoat\Java\lessons\DBSQLInjection\ViewProfile.jsp];eFile;Removed;;1;WebGoat_35ec2bcf/Webgoat/Java content
Fixed Violation;2238;0;3;Avoid unreferenced JSPs and web client files;[C:\CASTMS\webgoat-83-1362\Deploy\Webgoat\Java\lessons\DBSQLInjection\SearchStaff.jsp];eFile;Removed;;1;WebGoat_35ec2bcf/Webgoat/Java content
Fixed Violation;2238;0;3;Avoid unreferenced JSPs and web client files;[C:\CASTMS\webgoat-83-1362\Deploy\Webgoat\Java\lessons\DBSQLInjection\Login.jsp];eFile;Removed;;1;WebGoat_35ec2bcf/Webgoat/Java content
Fixed Violation;2238;0;3;Avoid unreferenced JSPs and web client files;[C:\CASTMS\webgoat-83-1362\Deploy\Webgoat\Java\lessons\DBCrossSiteScripting\ViewProfile.jsp];eFile;Removed;;1;WebGoat_35ec2bcf/Webgoat/Java content
Fixed Violation;2238;0;3;Avoid unreferenced JSPs and web client files;[C:\CASTMS\webgoat-83-1362\Deploy\Webgoat\Java\lessons\DBCrossSiteScripting\SearchStaff.jsp];eFile;Removed;;1;WebGoat_35ec2bcf/Webgoat/Java content
Fixed Violation;2238;0;3;Avoid unreferenced JSPs and web client files;[C:\CASTMS\webgoat-83-1362\Deploy\Webgoat\Java\lessons\DBCrossSiteScripting\Login.jsp];eFile;Removed;;1;WebGoat_35ec2bcf/Webgoat/Java content
Fixed Violation;2238;0;3;Avoid unreferenced JSPs and web client files;[C:\CASTMS\webgoat-83-1362\Deploy\Webgoat\Java\lessons\CrossSiteScripting\ViewProfile.jsp];eFile;Removed;;1;WebGoat_35ec2bcf/Webgoat/Java content
Fixed Violation;2238;0;3;Avoid unreferenced JSPs and web client files;[C:\CASTMS\webgoat-83-1362\Deploy\Webgoat\Java\lessons\CrossSiteScripting\SearchStaff.jsp];eFile;Removed;;1;WebGoat_35ec2bcf/Webgoat/Java content
Fixed Violation;2238;0;3;Avoid unreferenced JSPs and web client files;[C:\CASTMS\webgoat-83-1362\Deploy\Webgoat\Java\lessons\CrossSiteScripting\Login.jsp];eFile;Removed;;1;WebGoat_35ec2bcf/Webgoat/Java content
Fixed Violation;2238;0;3;Avoid unreferenced JSPs and web client files;[C:\CASTMS\webgoat-83-1362\Deploy\Webgoat\Java\lesson_plans\XPATHInjection.html];eFile;Removed;;1;WebGoat_35ec2bcf/Webgoat/Java content
Fixed Violation;2238;0;3;Avoid unreferenced JSPs and web client files;[C:\CASTMS\webgoat-83-1362\Deploy\Webgoat\Java\lesson_plans\XMLInjection.html];eFile;Removed;;1;WebGoat_35ec2bcf/Webgoat/Java content
Fixed Violation;2238;0;3;Avoid unreferenced JSPs and web client files;[C:\CASTMS\webgoat-83-1362\Deploy\Webgoat\Java\lesson_plans\WsSqlInjection.html];eFile;Removed;;1;WebGoat_35ec2bcf/Webgoat/Java content
Fixed Violation;2238;0;3;Avoid unreferenced JSPs and web client files;[C:\CASTMS\webgoat-83-1362\Deploy\Webgoat\Java\lesson_plans\WsSAXInjection.html];eFile;Removed;;1;WebGoat_35ec2bcf/Webgoat/Java content
Fixed Violation;2238;0;3;Avoid unreferenced JSPs and web client files;[C:\CASTMS\webgoat-83-1362\Deploy\Webgoat\Java\lesson_plans\WelcomeScreeen.html];eFile;Removed;;1;WebGoat_35ec2bcf/Webgoat/Java content
Fixed Violation;2238;0;3;Avoid unreferenced JSPs and web client files;[C:\CASTMS\webgoat-83-1362\Deploy\Webgoat\Java\lesson_plans\WeakSessionID.html];eFile;Removed;;1;WebGoat_35ec2bcf/Webgoat/Java content
Fixed Violation;2238;0;3;Avoid unreferenced JSPs and web client files;[C:\CASTMS\webgoat-83-1362\Deploy\Webgoat\Java\lesson_plans\WeakAuthenticationCookie.html];eFile;Removed;;1;WebGoat_35ec2bcf/Webgoat/Java content
Fixed Violation;2238;0;3;Avoid unreferenced JSPs and web client files;[C:\CASTMS\webgoat-83-1362\Deploy\Webgoat\Java\lesson_plans\WSDLScanning.html];eFile;Removed;;1;WebGoat_35ec2bcf/Webgoat/Java content
Fixed Violation;2238;0;3;Avoid unreferenced JSPs and web client files;[C:\CASTMS\webgoat-83-1362\Deploy\Webgoat\Java\lesson_plans\UsefulTools.html];eFile;Removed;;1;WebGoat_35ec2bcf/Webgoat/Java content
Fixed Violation;2238;0;3;Avoid unreferenced JSPs and web client files;[C:\CASTMS\webgoat-83-1362\Deploy\Webgoat\Java\lesson_plans\UncheckedEmail.html];eFile;Removed;;1;WebGoat_35ec2bcf/Webgoat/Java content
Fixed Violation;2238;0;3;Avoid unreferenced JSPs and web client files;[C:\CASTMS\webgoat-83-1362\Deploy\Webgoat\Java\lesson_plans\TraceXSS.html];eFile;Removed;;1;WebGoat_35ec2bcf/Webgoat/Java content
Fixed Violation;2238;0;3;Avoid unreferenced JSPs and web client files;[C:\CASTMS\webgoat-83-1362\Deploy\Webgoat\Java\lesson_plans\TomcatSetup.html];eFile;Removed;;1;WebGoat_35ec2bcf/Webgoat/Java content
Fixed Violation;2238;0;3;Avoid unreferenced JSPs and web client files;[C:\CASTMS\webgoat-83-1362\Deploy\Webgoat\Java\lesson_plans\ThreadSafetyProblem.html];eFile;Removed;;1;WebGoat_35ec2bcf/Webgoat/Java content
Fixed Violation;2238;0;3;Avoid unreferenced JSPs and web client files;[C:\CASTMS\webgoat-83-1362\Deploy\Webgoat\Java\lesson_plans\StoredXss.html];eFile;Removed;;1;WebGoat_35ec2bcf/Webgoat/Java content
Fixed Violation;2238;0;3;Avoid unreferenced JSPs and web client files;[C:\CASTMS\webgoat-83-1362\Deploy\Webgoat\Java\lesson_plans\SqlStringInjection.html];eFile;Removed;;1;WebGoat_35ec2bcf/Webgoat/Java content
Fixed Violation;2238;0;3;Avoid unreferenced JSPs and web client files;[C:\CASTMS\webgoat-83-1362\Deploy\Webgoat\Java\lesson_plans\SqlNumericInjection.html];eFile;Removed;;1;WebGoat_35ec2bcf/Webgoat/Java content
Fixed Violation;2238;0;3;Avoid unreferenced JSPs and web client files;[C:\CASTMS\webgoat-83-1362\Deploy\Webgoat\Java\lesson_plans\SoapRequest.html];eFile;Removed;;1;WebGoat_35ec2bcf/Webgoat/Java content
Fixed Violation;2238;0;3;Avoid unreferenced JSPs and web client files;[C:\CASTMS\webgoat-83-1362\Deploy\Webgoat\Java\lesson_plans\SilentTransactions.html];eFile;Removed;;1;WebGoat_35ec2bcf/Webgoat/Java content
Fixed Violation;2238;0;3;Avoid unreferenced JSPs and web client files;[C:\CASTMS\webgoat-83-1362\Deploy\Webgoat\Java\lesson_plans\SessionFixation.html];eFile;Removed;;1;WebGoat_35ec2bcf/Webgoat/Java content
Fixed Violation;2238;0;3;Avoid unreferenced JSPs and web client files;[C:\CASTMS\webgoat-83-1362\Deploy\Webgoat\Java\lesson_plans\SameOriginPolicyProtection.html];eFile;Removed;;1;WebGoat_35ec2bcf/Webgoat/Java content
Fixed Violation;2238;0;3;Avoid unreferenced JSPs and web client files;[C:\CASTMS\webgoat-83-1362\Deploy\Webgoat\Java\lesson_plans\SQLInjection.html];eFile;Removed;;1;WebGoat_35ec2bcf/Webgoat/Java content
Fixed Violation;2238;0;3;Avoid unreferenced JSPs and web client files;[C:\CASTMS\webgoat-83-1362\Deploy\Webgoat\Java\lesson_plans\RoleBasedAccessControl.html];eFile;Removed;;1;WebGoat_35ec2bcf/Webgoat/Java content
Fixed Violation;2238;0;3;Avoid unreferenced JSPs and web client files;[C:\CASTMS\webgoat-83-1362\Deploy\Webgoat\Java\lesson_plans\RemoteAdminFlaw.html];eFile;Removed;;1;WebGoat_35ec2bcf/Webgoat/Java content
Fixed Violation;2238;0;3;Avoid unreferenced JSPs and web client files;[C:\CASTMS\webgoat-83-1362\Deploy\Webgoat\Java\lesson_plans\ReflectedXSS.html];eFile;Removed;;1;WebGoat_35ec2bcf/Webgoat/Java content
Fixed Violation;2238;0;3;Avoid unreferenced JSPs and web client files;[C:\CASTMS\webgoat-83-1362\Deploy\Webgoat\Java\lesson_plans\Phishing.html];eFile;Removed;;1;WebGoat_35ec2bcf/Webgoat/Java content
Fixed Violation;2238;0;3;Avoid unreferenced JSPs and web client files;[C:\CASTMS\webgoat-83-1362\Deploy\Webgoat\Java\lesson_plans\PathBasedAccessControl.html];eFile;Removed;;1;WebGoat_35ec2bcf/Webgoat/Java content
Fixed Violation;2238;0;3;Avoid unreferenced JSPs and web client files;[C:\CASTMS\webgoat-83-1362\Deploy\Webgoat\Java\lesson_plans\PasswordStrength.html];eFile;Removed;;1;WebGoat_35ec2bcf/Webgoat/Java content
Fixed Violation;2238;0;3;Avoid unreferenced JSPs and web client files;[C:\CASTMS\webgoat-83-1362\Deploy\Webgoat\Java\lesson_plans\NewLesson.html];eFile;Removed;;1;WebGoat_35ec2bcf/Webgoat/Java content
Fixed Violation;2238;0;3;Avoid unreferenced JSPs and web client files;[C:\CASTMS\webgoat-83-1362\Deploy\Webgoat\Java\lesson_plans\MultiLevelLogin2.html];eFile;Removed;;1;WebGoat_35ec2bcf/Webgoat/Java content
Fixed Violation;2238;0;3;Avoid unreferenced JSPs and web client files;[C:\CASTMS\webgoat-83-1362\Deploy\Webgoat\Java\lesson_plans\MultiLevelLogin1.html];eFile;Removed;;1;WebGoat_35ec2bcf/Webgoat/Java content
Fixed Violation;2238;0;3;Avoid unreferenced JSPs and web client files;[C:\CASTMS\webgoat-83-1362\Deploy\Webgoat\Java\lesson_plans\LogSpoofing.html];eFile;Removed;;1;WebGoat_35ec2bcf/Webgoat/Java content
Fixed Violation;2238;0;3;Avoid unreferenced JSPs and web client files;[C:\CASTMS\webgoat-83-1362\Deploy\Webgoat\Java\lesson_plans\Lesson_Plan_Template.html];eFile;Removed;;1;WebGoat_35ec2bcf/Webgoat/Java content
Fixed Violation;2238;0;3;Avoid unreferenced JSPs and web client files;[C:\CASTMS\webgoat-83-1362\Deploy\Webgoat\Java\lesson_plans\JavaScriptValidation.html];eFile;Removed;;1;WebGoat_35ec2bcf/Webgoat/Java content
Fixed Violation;2238;0;3;Avoid unreferenced JSPs and web client files;[C:\CASTMS\webgoat-83-1362\Deploy\Webgoat\Java\lesson_plans\JSONInjection.html];eFile;Removed;;1;WebGoat_35ec2bcf/Webgoat/Java content
Fixed Violation;2238;0;3;Avoid unreferenced JSPs and web client files;[C:\CASTMS\webgoat-83-1362\Deploy\Webgoat\Java\lesson_plans\InsecureLogin.html];eFile;Removed;;1;WebGoat_35ec2bcf/Webgoat/Java content
Fixed Violation;2238;0;3;Avoid unreferenced JSPs and web client files;[C:\CASTMS\webgoat-83-1362\Deploy\Webgoat\Java\lesson_plans\HttpSplitting.html];eFile;Removed;;1;WebGoat_35ec2bcf/Webgoat/Java content
Fixed Violation;2238;0;3;Avoid unreferenced JSPs and web client files;[C:\CASTMS\webgoat-83-1362\Deploy\Webgoat\Java\lesson_plans\HttpOnly.html];eFile;Removed;;1;WebGoat_35ec2bcf/Webgoat/Java content
Fixed Violation;2238;0;3;Avoid unreferenced JSPs and web client files;[C:\CASTMS\webgoat-83-1362\Deploy\Webgoat\Java\lesson_plans\HttpBasics.html];eFile;Removed;;1;WebGoat_35ec2bcf/Webgoat/Java content
Fixed Violation;2238;0;3;Avoid unreferenced JSPs and web client files;[C:\CASTMS\webgoat-83-1362\Deploy\Webgoat\Java\lesson_plans\HtmlClues.html];eFile;Removed;;1;WebGoat_35ec2bcf/Webgoat/Java content
Fixed Violation;2238;0;3;Avoid unreferenced JSPs and web client files;[C:\CASTMS\webgoat-83-1362\Deploy\Webgoat\Java\lesson_plans\HowToWork.html];eFile;Removed;;1;WebGoat_35ec2bcf/Webgoat/Java content
Fixed Violation;2238;0;3;Avoid unreferenced JSPs and web client files;[C:\CASTMS\webgoat-83-1362\Deploy\Webgoat\Java\lesson_plans\HiddenFieldTampering.html];eFile;Removed;;1;WebGoat_35ec2bcf/Webgoat/Java content
Fixed Violation;2238;0;3;Avoid unreferenced JSPs and web client files;[C:\CASTMS\webgoat-83-1362\Deploy\Webgoat\Java\lesson_plans\ForgotPassword.html];eFile;Removed;;1;WebGoat_35ec2bcf/Webgoat/Java content
Fixed Violation;2238;0;3;Avoid unreferenced JSPs and web client files;[C:\CASTMS\webgoat-83-1362\Deploy\Webgoat\Java\lesson_plans\ForcedBrowsing.html];eFile;Removed;;1;WebGoat_35ec2bcf/Webgoat/Java content
Fixed Violation;2238;0;3;Avoid unreferenced JSPs and web client files;[C:\CASTMS\webgoat-83-1362\Deploy\Webgoat\Java\lesson_plans\FailOpenAuthentication.html];eFile;Removed;;1;WebGoat_35ec2bcf/Webgoat/Java content
Fixed Violation;2238;0;3;Avoid unreferenced JSPs and web client files;[C:\CASTMS\webgoat-83-1362\Deploy\Webgoat\Java\lesson_plans\Encoding.html];eFile;Removed;;1;WebGoat_35ec2bcf/Webgoat/Java content
Fixed Violation;2238;0;3;Avoid unreferenced JSPs and web client files;[C:\CASTMS\webgoat-83-1362\Deploy\Webgoat\Java\lesson_plans\DangerousEval.html];eFile;Removed;;1;WebGoat_35ec2bcf/Webgoat/Java content
Fixed Violation;2238;0;3;Avoid unreferenced JSPs and web client files;[C:\CASTMS\webgoat-83-1362\Deploy\Webgoat\Java\lesson_plans\DOS_Login.html];eFile;Removed;;1;WebGoat_35ec2bcf/Webgoat/Java content
Fixed Violation;2238;0;3;Avoid unreferenced JSPs and web client files;[C:\CASTMS\webgoat-83-1362\Deploy\Webgoat\Java\lesson_plans\DOMXSS.html];eFile;Removed;;1;WebGoat_35ec2bcf/Webgoat/Java content
Fixed Violation;2238;0;3;Avoid unreferenced JSPs and web client files;[C:\CASTMS\webgoat-83-1362\Deploy\Webgoat\Java\lesson_plans\DOMInjection.html];eFile;Removed;;1;WebGoat_35ec2bcf/Webgoat/Java content
Fixed Violation;2238;0;3;Avoid unreferenced JSPs and web client files;[C:\CASTMS\webgoat-83-1362\Deploy\Webgoat\Java\lesson_plans\DBSQLInjection.html];eFile;Removed;;1;WebGoat_35ec2bcf/Webgoat/Java content
Fixed Violation;2238;0;3;Avoid unreferenced JSPs and web client files;[C:\CASTMS\webgoat-83-1362\Deploy\Webgoat\Java\lesson_plans\DBCrossSiteScripting.html];eFile;Removed;;1;WebGoat_35ec2bcf/Webgoat/Java content
Fixed Violation;2238;0;3;Avoid unreferenced JSPs and web client files;[C:\CASTMS\webgoat-83-1362\Deploy\Webgoat\Java\lesson_plans\CrossSiteScripting.html];eFile;Removed;;1;WebGoat_35ec2bcf/Webgoat/Java content
Fixed Violation;2238;0;3;Avoid unreferenced JSPs and web client files;[C:\CASTMS\webgoat-83-1362\Deploy\Webgoat\Java\lesson_plans\ConcurrencyCart.html];eFile;Removed;;1;WebGoat_35ec2bcf/Webgoat/Java content
Fixed Violation;2238;0;3;Avoid unreferenced JSPs and web client files;[C:\CASTMS\webgoat-83-1362\Deploy\Webgoat\Java\lesson_plans\CommandInjection.html];eFile;Removed;;1;WebGoat_35ec2bcf/Webgoat/Java content
Fixed Violation;2238;0;3;Avoid unreferenced JSPs and web client files;[C:\CASTMS\webgoat-83-1362\Deploy\Webgoat\Java\lesson_plans\ClientSideValidation.html];eFile;Removed;;1;WebGoat_35ec2bcf/Webgoat/Java content
Fixed Violation;2238;0;3;Avoid unreferenced JSPs and web client files;[C:\CASTMS\webgoat-83-1362\Deploy\Webgoat\Java\lesson_plans\ClientSideFiltering.html];eFile;Removed;;1;WebGoat_35ec2bcf/Webgoat/Java content
Fixed Violation;2238;0;3;Avoid unreferenced JSPs and web client files;[C:\CASTMS\webgoat-83-1362\Deploy\Webgoat\Java\lesson_plans\ChallengeScreen.html];eFile;Removed;;1;WebGoat_35ec2bcf/Webgoat/Java content
Fixed Violation;2238;0;3;Avoid unreferenced JSPs and web client files;[C:\CASTMS\webgoat-83-1362\Deploy\Webgoat\Java\lesson_plans\CSRF.html];eFile;Removed;;1;WebGoat_35ec2bcf/Webgoat/Java content
Fixed Violation;2238;0;3;Avoid unreferenced JSPs and web client files;[C:\CASTMS\webgoat-83-1362\Deploy\Webgoat\Java\lesson_plans\BufferOverflow.html];eFile;Removed;;1;WebGoat_35ec2bcf/Webgoat/Java content
Fixed Violation;2238;0;3;Avoid unreferenced JSPs and web client files;[C:\CASTMS\webgoat-83-1362\Deploy\Webgoat\Java\lesson_plans\BlindSqlInjection.html];eFile;Removed;;1;WebGoat_35ec2bcf/Webgoat/Java content
Fixed Violation;2238;0;3;Avoid unreferenced JSPs and web client files;[C:\CASTMS\webgoat-83-1362\Deploy\Webgoat\Java\lesson_plans\BasicAuthentication.html];eFile;Removed;;1;WebGoat_35ec2bcf/Webgoat/Java content
Fixed Violation;2238;0;3;Avoid unreferenced JSPs and web client files;[C:\CASTMS\webgoat-83-1362\Deploy\Webgoat\Java\lesson_plans\BackDoors.html];eFile;Removed;;1;WebGoat_35ec2bcf/Webgoat/Java content
Fixed Violation;2238;0;3;Avoid unreferenced JSPs and web client files;[C:\CASTMS\webgoat-83-1362\Deploy\Webgoat\Java\lesson_plans\AccessControlMatrix.html];eFile;Removed;;1;WebGoat_35ec2bcf/Webgoat/Java content
Fixed Violation;7784;0;2;Avoid Artifacts with lines longer than X characters;org.owasp.webgoat.lessons.WeakAuthenticationCookie.getInstructions;Java Method;Removed;;209;WebGoat_35ec2bcf/Webgoat/Java content
Fixed Violation;7784;0;2;Avoid Artifacts with lines longer than X characters;org.owasp.webgoat.lessons.ReflectedXSS.getInstructions;Java Method;Removed;;244;WebGoat_35ec2bcf/Webgoat/Java content
Fixed Violation;7784;0;2;Avoid Artifacts with lines longer than X characters;org.owasp.webgoat.lessons.HtmlClues.getInstructions;Java Method;Removed;;126;WebGoat_35ec2bcf/Webgoat/Java content
Fixed Violation;7784;0;2;Avoid Artifacts with lines longer than X characters;org.owasp.webgoat.lessons.HiddenFieldTampering.getInstructions;Java Method;Removed;;124;WebGoat_35ec2bcf/Webgoat/Java content
Fixed Violation;7784;0;2;Avoid Artifacts with lines longer than X characters;org.owasp.webgoat.lessons.BlindSqlInjection.getInstructions;Java Method;Removed;;124;WebGoat_35ec2bcf/Webgoat/Java content
Fixed Violation;7784;0;2;Avoid Artifacts with lines longer than X characters;[C:\CASTMS\webgoat-83-1362\Deploy\Webgoat\Java\lessons\SQLInjection\ViewProfile.jsp];eFile;Removed;;126;WebGoat_35ec2bcf/Webgoat/Java content
Fixed Violation;7784;0;2;Avoid Artifacts with lines longer than X characters;[C:\CASTMS\webgoat-83-1362\Deploy\Webgoat\Java\lessons\SQLInjection\Login.jsp];eFile;Removed;;141;WebGoat_35ec2bcf/Webgoat/Java content
Fixed Violation;7784;0;2;Avoid Artifacts with lines longer than X characters;[C:\CASTMS\webgoat-83-1362\Deploy\Webgoat\Java\lessons\RoleBasedAccessControl\ViewProfile.jsp];eFile;Removed;;133;WebGoat_35ec2bcf/Webgoat/Java content
Fixed Violation;7784;0;2;Avoid Artifacts with lines longer than X characters;[C:\CASTMS\webgoat-83-1362\Deploy\Webgoat\Java\lessons\RoleBasedAccessControl\Login.jsp];eFile;Removed;;141;WebGoat_35ec2bcf/Webgoat/Java content
Fixed Violation;7784;0;2;Avoid Artifacts with lines longer than X characters;[C:\CASTMS\webgoat-83-1362\Deploy\Webgoat\Java\lessons\DBSQLInjection\ViewProfile.jsp];eFile;Removed;;126;WebGoat_35ec2bcf/Webgoat/Java content
Fixed Violation;7784;0;2;Avoid Artifacts with lines longer than X characters;[C:\CASTMS\webgoat-83-1362\Deploy\Webgoat\Java\lessons\DBSQLInjection\Login.jsp];eFile;Removed;;141;WebGoat_35ec2bcf/Webgoat/Java content
Fixed Violation;7784;0;2;Avoid Artifacts with lines longer than X characters;[C:\CASTMS\webgoat-83-1362\Deploy\Webgoat\Java\lessons\DBCrossSiteScripting\ViewProfile.jsp];eFile;Removed;;131;WebGoat_35ec2bcf/Webgoat/Java content
Fixed Violation;7784;0;2;Avoid Artifacts with lines longer than X characters;[C:\CASTMS\webgoat-83-1362\Deploy\Webgoat\Java\lessons\DBCrossSiteScripting\Login.jsp];eFile;Removed;;141;WebGoat_35ec2bcf/Webgoat/Java content
Fixed Violation;7784;0;2;Avoid Artifacts with lines longer than X characters;[C:\CASTMS\webgoat-83-1362\Deploy\Webgoat\Java\lessons\CrossSiteScripting\ViewProfile.jsp];eFile;Removed;;129;WebGoat_35ec2bcf/Webgoat/Java content
Fixed Violation;7784;0;2;Avoid Artifacts with lines longer than X characters;[C:\CASTMS\webgoat-83-1362\Deploy\Webgoat\Java\lessons\CrossSiteScripting\Login.jsp];eFile;Removed;;141;WebGoat_35ec2bcf/Webgoat/Java content
Fixed Violation;7784;0;2;Avoid Artifacts with lines longer than X characters;[C:\CASTMS\webgoat-83-1362\Deploy\Webgoat\Java\javascript\clientSideValidation.js];eFile;N/A;;140;WebGoat_35ec2bcf/Webgoat/Java content
Fixed Violation;7784;0;2;Avoid Artifacts with lines longer than X characters;org.owasp.webgoat.lessons.instructor.RoleBasedAccessControl.RoleBasedAccessControl_i.handleRequest;Java Method;Unchanged;780;121;WebGoat_35ec2bcf/Webgoat/Java content
Fixed Violation;7784;0;2;Avoid Artifacts with lines longer than X characters;org.owasp.webgoat.lessons.CrossSiteScripting.ViewProfile.getEmployeeProfile;Java Method;Unchanged;6035;126;WebGoat_35ec2bcf/Webgoat/Java content
Fixed Violation;7784;0;2;Avoid Artifacts with lines longer than X characters;org.owasp.webgoat.lessons.instructor.RoleBasedAccessControl.DeleteProfile_i.doDeleteEmployeeProfile;Java Method;Unchanged;590;151;WebGoat_35ec2bcf/Webgoat/Java content
Fixed Violation;7784;0;2;Avoid Artifacts with lines longer than X characters;org.owasp.webgoat.lessons.instructor.RoleBasedAccessControl.ViewProfile_i.getEmployeeProfile;Java Method;Unchanged;4590;158;WebGoat_35ec2bcf/Webgoat/Java content
Fixed Violation;7784;0;2;Avoid Artifacts with lines longer than X characters;org.owasp.webgoat.lessons.StoredXss.getHints;Java Method;Updated;36;154;WebGoat_35ec2bcf/Webgoat/Java content
Fixed Violation;7784;0;2;Avoid Artifacts with lines longer than X characters;org.owasp.webgoat.lessons.SqlNumericInjection.getHints;Java Method;Updated;36;132;WebGoat_35ec2bcf/Webgoat/Java content
Fixed Violation;7784;0;2;Avoid Artifacts with lines longer than X characters;org.owasp.webgoat.lessons.RemoteAdminFlaw.getHints;Java Method;Updated;36;138;WebGoat_35ec2bcf/Webgoat/Java content
Fixed Violation;7784;0;2;Avoid Artifacts with lines longer than X characters;org.owasp.webgoat.lessons.ReflectedXSS.getHints;Java Method;Updated;36;151;WebGoat_35ec2bcf/Webgoat/Java content
Fixed Violation;7784;0;2;Avoid Artifacts with lines longer than X characters;org.owasp.webgoat.lessons.CommandInjection.getHints;Java Method;Updated;36;146;WebGoat_35ec2bcf/Webgoat/Java content
Fixed Violation;7784;0;2;Avoid Artifacts with lines longer than X characters;org.owasp.webgoat.session.CreateDB.createMessageTable;Java Method;Unchanged;2372055;126;WebGoat_35ec2bcf/Webgoat/Java content
Fixed Violation;7784;0;2;Avoid Artifacts with lines longer than X characters;org.owasp.webgoat.lessons.SessionFixation.createStage4Content;Java Method;Unchanged;172;129;WebGoat_35ec2bcf/Webgoat/Java content
Fixed Violation;7784;0;2;Avoid Artifacts with lines longer than X characters;org.owasp.webgoat.lessons.SQLInjection.SQLInjection.getSolution;Java Method;Unchanged;160;122;WebGoat_35ec2bcf/Webgoat/Java content
Fixed Violation;7784;0;2;Avoid Artifacts with lines longer than X characters;org.owasp.webgoat.lessons.RoleBasedAccessControl.RoleBasedAccessControl.getSolution;Java Method;Unchanged;160;122;WebGoat_35ec2bcf/Webgoat/Java content
Fixed Violation;7784;0;2;Avoid Artifacts with lines longer than X characters;org.owasp.webgoat.lessons.CrossSiteScripting.CrossSiteScripting.getSolution;Java Method;Unchanged;160;122;WebGoat_35ec2bcf/Webgoat/Java content
Fixed Violation;7784;0;2;Avoid Artifacts with lines longer than X characters;org.owasp.webgoat.lessons.LogSpoofing.getHints;Java Method;Updated;132;127;WebGoat_35ec2bcf/Webgoat/Java content
Fixed Violation;7784;0;2;Avoid Artifacts with lines longer than X characters;org.owasp.webgoat.lessons.instructor.CrossSiteScripting.UpdateProfile_i.parseEmployeeProfile;Java Method;Unchanged;1116;123;WebGoat_35ec2bcf/Webgoat/Java content
Fixed Violation;7196;0;2;Avoid large number of String concatenation;org.owasp.webgoat.lessons.BlindSqlInjection.getInstructions;Java Method;Removed;;7;WebGoat_35ec2bcf/Webgoat/Java content
Fixed Violation;7196;0;2;Avoid large number of String concatenation;org.owasp.webgoat.lessons.BlindSqlInjection.getHints;Java Method;Removed;;26;WebGoat_35ec2bcf/Webgoat/Java content
Fixed Violation;7196;0;2;Avoid large number of String concatenation;org.owasp.webgoat.lessons.PathBasedAccessControl.getInstructions;Java Method;Updated;48;6;WebGoat_35ec2bcf/Webgoat/Java content
Fixed Violation;7196;0;2;Avoid large number of String concatenation;org.owasp.webgoat.lessons.BasicAuthentication.getHints;Java Method;Updated;100;7;WebGoat_35ec2bcf/Webgoat/Java content
Fixed Violation;7220;0;1;Avoid Unused Imports;C:\CASTMS\webgoat-83-1362\Deploy\Webgoat\Java\JavaSource\org\owasp\webgoat\lessons\RoleBasedAccessControl\RoleBasedAccessControl.java;Java File;Updated;;5;WebGoat_35ec2bcf/Webgoat/Java content
Fixed Violation;7220;0;1;Avoid Unused Imports;C:\CASTMS\webgoat-83-1362\Deploy\Webgoat\Java\JavaSource\org\owasp\webgoat\lessons\CrossSiteScripting\ViewProfile.java;Java File;Updated;;4;WebGoat_35ec2bcf/Webgoat/Java content
Fixed Violation;7220;0;1;Avoid Unused Imports;C:\CASTMS\webgoat-83-1362\Deploy\Webgoat\Java\JavaSource\org\owasp\webgoat\lessons\CrossSiteScripting\FindProfile.java;Java File;Updated;;1;WebGoat_35ec2bcf/Webgoat/Java content
Fixed Violation;4722;0;1;Track Classes referencing Database objects;org.owasp.webgoat.lessons.BlindSqlInjection;Java Class;Removed;;0;WebGoat_35ec2bcf/Webgoat/Java content
Fixed Violation;4722;0;1;Track Classes referencing Database objects;org.owasp.webgoat.lessons.SQLInjection.SQLInjection;Java Class;Updated;5820;0;WebGoat_35ec2bcf/Webgoat/Java content
